sqft,bedrooms,bathrooms,age_years,neighborhood,has_garage,sale_price,risk_label
1952.0,5,3,31,Suburb,Yes,385500.0,Low
1280.0,1,3,79,Rural,Yes,182100.0,High
2175.0,1,3,3,Suburb,No,323500.0,Low
2270.0,2,2,70,Rural,No,274600.0,High
824.0,2,3,54,Suburb,Yes,162400.0,High
1149.0,1,2,22,Downtown,Yes,247800.0,Low
1864.0,1,3,62,Downtown,No,332000.0,High
1642.0,4,2,66,Rural,No,246600.0,High
1792.0,5,1,3,Downtown,No,378900.0,Low
1373.0,1,1,8,Downtown,No,299700.0,Low
2240.0,2,1,53,Suburb,No,323700.0,Low
2189.0,3,1,79,Downtown,Yes,361500.0,High
1833.0,5,2,1,Suburb,Yes,331100.0,Low
2364.0,4,2,53,Rural,Yes,381300.0,High
2034.0,4,1,10,Downtown,No,429200.0,Low
1370.0,3,2,52,Rural,No,194800.0,High
1984.0,3,2,49,Rural,Yes,248600.0,High
1321.0,1,1,7,Suburb,Yes,198000.0,Low
2239.0,5,2,54,Downtown,Yes,412100.0,High
1775.0,5,2,71,Suburb,No,288800.0,Low
1708.0,1,2,69,Downtown,Yes,303400.0,High
1460.0,4,2,2,Suburb,Yes,294900.0,Low
2411.0,1,3,19,Waterfront,Yes,472400.0,Low
1723.0,4,1,19,Waterfront,Yes,415100.0,Low
1586.0,5,2,36,Rural,Yes,257000.0,Low
1624.0,1,2,11,Suburb,Yes,268500.0,Low
2066.0,3,1,68,Suburb,Yes,349900.0,Low
1983.0,1,3,62,Rural,Yes,256000.0,High
2006.0,3,1,64,Suburb,Yes,340700.0,Low
2015.0,5,1,15,Suburb,Yes,375400.0,Low
2871.0,1,3,1,Downtown,Yes,524400.0,Low
1597.0,2,3,72,Downtown,No,337200.0,High
1544.0,5,3,23,Suburb,Yes,294500.0,Low
1393.0,2,3,52,Downtown,Yes,340500.0,Low
2108.0,1,3,72,Downtown,Yes,372600.0,Low
2364.0,3,2,2,Rural,Yes,359700.0,Low
1743.0,3,3,0,Waterfront,Yes,407200.0,Low
1380.0,4,1,0,Suburb,Yes,250100.0,Low
1388.0,2,2,12,Rural,No,201400.0,Low
2125.0,5,2,4,Waterfront,Yes,480700.0,Low
2172.0,3,3,65,Downtown,Yes,421100.0,Low
2072.0,2,3,48,Suburb,Yes,337200.0,High
1467.0,5,2,78,Suburb,Yes,289800.0,High
1916.0,5,2,64,Downtown,Yes,408300.0,High
1858.0,3,1,77,Rural,No,296200.0,High
1909.0,1,3,19,Suburb,No,336100.0,Low
2236.0,3,2,23,Suburb,Yes,425900.0,Low
1912.0,3,2,67,Downtown,Yes,314200.0,High
2139.0,1,3,19,Downtown,Yes,401500.0,Low
1834.0,4,2,4,Waterfront,Yes,397400.0,Low
,5,1,53,Downtown,No,374200.0,Low
,1,1,64,Downtown,Yes,357100.0,Low
1071.0,4,1,77,Downtown,Yes,228100.0,High
1640.0,1,3,74,Suburb,No,302100.0,High
1565.0,4,1,9,Suburb,Yes,296000.0,Low
1481.0,3,1,61,Suburb,Yes,263900.0,High
,1,2,67,Downtown,No,290100.0,Low
2547.0,5,3,55,Downtown,Yes,486500.0,Low
1367.0,1,2,65,Rural,Yes,194700.0,High
2284.0,3,3,67,Suburb,Yes,394300.0,Low
959.0,1,3,35,Suburb,No,201400.0,Low
1633.0,5,1,3,Suburb,Yes,362600.0,Low
1881.0,4,3,36,Rural,Yes,323900.0,Low
2093.0,5,2,16,Downtown,Yes,444700.0,Low
2156.0,3,2,9,Suburb,Yes,358100.0,Low
2197.0,3,1,9,Suburb,No,372800.0,Low
1626.0,4,2,55,Suburb,Yes,315900.0,High
1569.0,4,3,40,Rural,Yes,289000.0,Low
2229.0,5,2,43,Suburb,Yes,402100.0,Low
1704.0,1,1,59,Rural,No,252300.0,High
1162.0,4,2,43,Rural,Yes,211100.0,High
,1,3,50,Suburb,No,236000.0,High
1340.0,2,3,6,Waterfront,No,329300.0,Low
2049.0,5,1,68,Suburb,Yes,342400.0,High
1871.0,2,3,35,Rural,No,295600.0,High
2145.0,4,3,12,Suburb,No,312500.0,Low
1586.0,3,1,65,Suburb,Yes,277000.0,Low
1879.0,2,3,58,Suburb,No,215700.0,Low
2113.0,2,2,4,Downtown,Yes,371800.0,Low
1645.0,3,2,15,Suburb,No,306600.0,Low
2028.0,4,2,1,Waterfront,No,449700.0,Low
1469.0,4,3,21,Suburb,Yes,262800.0,Low
,5,3,7,Downtown,No,339500.0,Low
1609.0,5,3,56,Suburb,Yes,337600.0,Low
1202.0,4,3,41,Downtown,No,257700.0,Low
2043.0,4,3,78,Downtown,No,433600.0,High
1565.0,2,1,59,Waterfront,Yes,329200.0,Low
1806.0,3,1,48,Suburb,Yes,319100.0,Low
2040.0,1,3,40,Suburb,Yes,384500.0,Low
2023.0,2,2,4,Suburb,Yes,364800.0,Low
2133.0,5,1,5,Downtown,Yes,410300.0,Low
1751.0,3,1,49,Downtown,Yes,337400.0,Low
1588.0,1,2,0,Rural,Yes,259400.0,Low
1760.0,4,2,3,Suburb,Yes,304400.0,Low
,5,1,17,Waterfront,No,264600.0,Low
1076.0,5,1,70,Suburb,No,173900.0,High
1139.0,2,1,36,Suburb,No,217900.0,Low
1301.0,3,2,56,Rural,Yes,206100.0,High
2000.0,3,1,32,Waterfront,No,396900.0,Low
1347.0,2,2,13,Rural,Yes,222900.0,Low
1611.0,2,2,29,Waterfront,Yes,362700.0,Low
2450.0,2,2,7,Rural,Yes,409400.0,Low
1622.0,5,3,61,Rural,No,235800.0,High
2169.0,4,2,14,Downtown,Yes,408300.0,Low
1333.0,5,3,30,Rural,Yes,272600.0,High
1697.0,5,3,78,Suburb,No,283300.0,High
1325.0,5,3,47,Suburb,Yes,229800.0,Low
1630.0,1,3,36,Suburb,Yes,295700.0,Low
2220.0,5,2,43,Waterfront,No,465100.0,Low
936.0,1,2,62,Waterfront,Yes,193200.0,High
2017.0,3,1,20,Downtown,Yes,400300.0,Low
1919.0,3,2,50,Rural,No,307200.0,High
1503.0,2,1,69,Rural,No,212300.0,High
1077.0,1,3,45,Suburb,Yes,212800.0,High
1836.0,1,3,35,Downtown,No,308800.0,Low
1535.0,5,1,11,Downtown,Yes,351100.0,Low
1916.0,2,3,19,Rural,Yes,306400.0,Low
1811.0,2,1,75,Suburb,Yes,276100.0,High
2601.0,5,3,43,Waterfront,Yes,550400.0,Low
1680.0,1,1,24,Suburb,No,311000.0,Low
,5,2,33,Waterfront,No,363600.0,Low
1890.0,5,2,46,Suburb,Yes,377300.0,High
1910.0,3,3,43,Rural,Yes,306300.0,High
2480.0,1,2,55,Downtown,Yes,445300.0,High
2218.0,1,3,20,Suburb,No,387800.0,Low
1978.0,2,3,51,Rural,Yes,310300.0,High
2532.0,3,1,35,Waterfront,No,485500.0,Low
1206.0,1,3,75,Rural,Yes,191900.0,High
1480.0,3,3,12,Downtown,Yes,328500.0,Low
1337.0,1,2,11,Suburb,No,216800.0,Low
1605.0,3,3,36,Downtown,No,314400.0,Low
1112.0,1,3,40,Downtown,Yes,260600.0,Low
2118.0,4,3,55,Suburb,No,360200.0,Low
1689.0,1,3,32,Rural,No,261800.0,High
1065.0,1,2,73,Rural,Yes,161900.0,High
1292.0,1,1,37,Rural,Yes,182000.0,High
1957.0,5,3,10,Rural,Yes,367400.0,High
2219.0,1,2,9,Rural,No,347800.0,High
2798.0,3,2,77,Downtown,Yes,458400.0,High
3257.0,3,1,10,Downtown,Yes,621600.0,Low
2007.0,3,1,75,Suburb,Yes,313100.0,Low
1305.0,4,1,22,Rural,No,171400.0,Low
734.0,5,3,7,Downtown,Yes,210500.0,Low
1934.0,2,1,24,Suburb,No,294600.0,Low
1394.0,5,1,49,Suburb,Yes,263800.0,High
1592.0,2,3,34,Downtown,No,309000.0,Low
1494.0,5,2,62,Suburb,Yes,268700.0,High
1730.0,3,2,48,Rural,Yes,288900.0,High
2333.0,4,3,32,Suburb,No,412400.0,Low
1879.0,5,2,50,Downtown,No,376700.0,Low
1721.0,4,1,77,Rural,Yes,269800.0,High
,5,3,32,Suburb,Yes,281700.0,Low
963.0,3,1,12,Rural,No,105700.0,High
1557.0,1,2,32,Downtown,No,288400.0,Low
1773.0,3,3,67,Suburb,Yes,252000.0,Low
2684.0,1,3,17,Suburb,Yes,453000.0,Low
1865.0,5,2,75,Downtown,No,354200.0,Low
2291.0,2,3,47,Rural,No,370300.0,High
1550.0,2,2,48,Downtown,No,326200.0,Low
1208.0,2,2,25,Downtown,Yes,273700.0,Low
1317.0,4,1,73,Suburb,Yes,218600.0,High
1437.0,3,2,2,Rural,No,252700.0,High
2864.0,5,2,23,Rural,No,446900.0,High
1389.0,3,3,33,Waterfront,No,323900.0,Low
2219.0,2,1,38,Downtown,Yes,432500.0,Low
1349.0,1,3,37,Suburb,Yes,227800.0,Low
2266.0,1,3,11,Downtown,No,440500.0,Low
1992.0,2,3,18,Suburb,Yes,372800.0,Low
1722.0,5,2,7,Waterfront,No,372900.0,Low
1780.0,3,1,45,Rural,Yes,300800.0,High
1473.0,5,1,28,Suburb,No,290400.0,Low
2023.0,1,3,45,Suburb,No,329500.0,High
1573.0,1,3,47,Waterfront,Yes,321300.0,High
1187.0,5,2,56,Suburb,Yes,212600.0,High
1161.0,1,1,43,Downtown,No,213200.0,High
1886.0,1,1,51,Suburb,Yes,317000.0,High
2590.0,3,2,46,Downtown,Yes,449500.0,Low
1880.0,5,2,52,Downtown,No,378900.0,Low
1741.0,4,1,49,Downtown,No,303600.0,High
1943.0,1,3,25,Suburb,Yes,331800.0,Low
2453.0,5,2,19,Suburb,Yes,445200.0,Low
1910.0,5,1,62,Suburb,Yes,394600.0,High
1595.0,5,1,27,Suburb,Yes,269200.0,Low
2353.0,5,2,43,Waterfront,Yes,522300.0,Low
2014.0,2,3,15,Rural,Yes,334400.0,Low
2568.0,5,3,34,Suburb,No,456500.0,Low
1892.0,2,2,42,Downtown,Yes,365700.0,Low
1188.0,5,1,50,Rural,No,200300.0,High
1116.0,3,3,42,Downtown,Yes,256500.0,High
2625.0,4,2,28,Suburb,Yes,492200.0,Low
2662.0,4,1,76,Waterfront,No,477900.0,Low
1710.0,4,2,41,Suburb,No,328300.0,High
1608.0,4,1,64,Rural,Yes,233200.0,High
2531.0,4,1,58,Suburb,Yes,419100.0,High
1246.0,4,2,44,Suburb,Yes,214200.0,Low
1353.0,1,3,70,Downtown,Yes,277300.0,Low
2122.0,5,3,10,Downtown,Yes,479400.0,Low
1603.0,3,3,73,Suburb,Yes,276000.0,Low
1797.0,2,2,68,Downtown,Yes,330700.0,High
1718.0,3,1,40,Rural,Yes,241900.0,High
